{
    "accuracy": 0.5315374173427942,
    "f1": [
        0.6183631073614931,
        0.39356916299661127
    ],
    "f1_avg": 0.5059661351790522,
    "precision": [
        0.7143945278748538,
        0.3242982692987827
    ],
    "precision_avg": 0.5193463985868183,
    "recall": [
        0.5450901726645229,
        0.5004709714336019
    ],
    "recall_avg": 0.5227805720490624
}