{
    "accuracy": 0.5004469884210836,
    "f1": [
        0.5838589467634958,
        0.37521389149305456
    ],
    "f1_avg": 0.47953641912827516,
    "precision": [
        0.6950706416439209,
        0.30253774621099766
    ],
    "precision_avg": 0.4988041939274592,
    "recall": [
        0.5033264334002845,
        0.49384657820450373
    ],
    "recall_avg": 0.4985865058023941
}