{
    "accuracy": 0.6107608332405035,
    "f1": [
        0.041739798157086436,
        0.7557801448181385
    ],
    "f1_avg": 0.39875997148761244,
    "precision": [
        0.46601347213717087,
        0.6134427085106141
    ],
    "precision_avg": 0.5397280903238925,
    "recall": [
        0.02184835347822342,
        0.984127850889168
    ],
    "recall_avg": 0.5029881021836957
}