{
    "accuracy": 0.5686973264648861,
    "f1": [
        0.6623805056235913,
        0.4030565296021555
    ],
    "f1_avg": 0.5327185176128734,
    "precision": [
        0.7278537670747163,
        0.34774821313641135
    ],
    "precision_avg": 0.5378009901055638,
    "recall": [
        0.6077142577013336,
        0.4792854516699445
    ],
    "recall_avg": 0.5434998546856391
}