{
    "accuracy": 0.6200892630317876,
    "f1": [
        0.739316160900727,
        0.29988172678888236
    ],
    "f1_avg": 0.5195989438448048,
    "precision": [
        0.7077946641151732,
        0.34062259771470366
    ],
    "precision_avg": 0.5242086309149384,
    "recall": [
        0.7737761293205321,
        0.2678455100855082
    ],
    "recall_avg": 0.5208108197030201
}