{
    "accuracy": 0.7828788793474089,
    "f1": [
        0.8602397194808457,
        0.5136990245190599
    ],
    "f1_avg": 0.6869693719999528,
    "precision": [
        0.7794013942513499,
        0.8037752496225372
    ],
    "precision_avg": 0.7915883219369435,
    "recall": [
        0.9597874071593466,
        0.3774722356772277
    ],
    "recall_avg": 0.6686298214182872
}