{
    "accuracy": 0.4935816928235322,
    "f1": [
        0.5964034651507104,
        0.32045936219253157
    ],
    "f1_avg": 0.458431413671621,
    "precision": [
        0.6699458061239874,
        0.2704692920467686
    ],
    "precision_avg": 0.470207549085378,
    "recall": [
        0.5374100472152668,
        0.3931182996504292
    ],
    "recall_avg": 0.465264173432848
}