{
    "accuracy": 0.6964545670927557,
    "f1": [
        0.8208783040560054,
        0.005967064373647996
    ],
    "f1_avg": 0.4134226842148267,
    "precision": [
        0.6966377408389889,
        0.5800227014755959
    ],
    "precision_avg": 0.6383302211572923,
    "recall": [
        0.9990524579752308,
        0.0029989582874833105
    ],
    "recall_avg": 0.501025708131357
}