{
    "accuracy": 0.5515955336394037,
    "f1": [
        0.4421146400794874,
        0.0004008016032064128,
        0.663665726165726,
        0.00037579857196542657
    ],
    "f1_avg": 0.27663924160509634,
    "precision": [
        0.5563507803742347,
        0.03225806451612903,
        0.5527076537789664,
        0.0033003300330033004
    ],
    "precision_avg": 0.2861542071755833,
    "recall": [
        0.3667993177942013,
        0.00020165355918531962,
        0.8303644006781707,
        0.00019924287706714485
    ],
    "recall_avg": 0.29939115372715613
}