{
    "accuracy": 0.85330697702204,
    "f1": [
        0.9023172084252625,
        0.7055962550864472
    ],
    "f1_avg": 0.8039567317558549,
    "precision": [
        0.8410306131371188,
        0.904174233669033
    ],
    "precision_avg": 0.8726024234030759,
    "recall": [
        0.9732378545712101,
        0.5785360900975979
    ],
    "recall_avg": 0.775886972334404
}