{
    "accuracy": 0.5900496855979523,
    "f1": [
        0.7139723839180302,
        0.27665913681468385
    ],
    "f1_avg": 0.49531576036635705,
    "precision": [
        0.6941624150585549,
        0.2981787478764492
    ],
    "precision_avg": 0.49617058146750204,
    "recall": [
        0.7349462393131746,
        0.25803659198614964
    ],
    "recall_avg": 0.49649141564966215
}