{
    "accuracy": 0.6553871634435926,
    "f1": [
        0.7862582406342182,
        0.11116751965532856
    ],
    "f1_avg": 0.4487128801447734,
    "precision": [
        0.6918541688240424,
        0.25698879255656587
    ],
    "precision_avg": 0.4744214806903041,
    "recall": [
        0.910496197546714,
        0.07092376555998436
    ],
    "recall_avg": 0.49070998155334916
}