{
    "accuracy": 0.771092015440932,
    "f1": [
        0.8509910951131039,
        0.5064474842320096
    ],
    "f1_avg": 0.6787192896725567,
    "precision": [
        0.7782011734107542,
        0.733783663377364
    ],
    "precision_avg": 0.7559924183940592,
    "recall": [
        0.9388030984411784,
        0.3866561419776634
    ],
    "recall_avg": 0.6627296202094208
}