{
    "accuracy": 0.6961757491620993,
    "f1": [
        0.8208703130610041,
        0.00020538399471869729
    ],
    "f1_avg": 0.4105378485278614,
    "precision": [
        0.6961693711976589,
        0.875
    ],
    "precision_avg": 0.7855846855988294,
    "recall": [
        0.9999935960490184,
        0.00010270405094120927
    ],
    "recall_avg": 0.5000481500499798
}