{
    "accuracy": 0.5189292464714937,
    "f1": [
        0.694584313695435,
        0.11126091799050354,
        0.05135462684233161,
        0.14534002492505643
    ],
    "f1_avg": 0.25063497086333164,
    "precision": [
        0.6916898810659543,
        0.10658131176999101,
        0.12901705036536498,
        0.1211772304754416
    ],
    "precision_avg": 0.26211636841918795,
    "recall": [
        0.6975030720961316,
        0.11637032495401595,
        0.032057476986753354,
        0.18153897934284152
    ],
    "recall_avg": 0.2568674633449356
}