{
    "accuracy": 0.8016432060879556,
    "f1": [
        0.868581099634644,
        0.5957285250023161
    ],
    "f1_avg": 0.73215481231848,
    "precision": [
        0.8061770348040559,
        0.7819201442039456
    ],
    "precision_avg": 0.7940485895040008,
    "recall": [
        0.9414568203725964,
        0.4811553291508454
    ],
    "recall_avg": 0.7113060747617209
}