{
    "accuracy": 0.5970591599679711,
    "f1": [
        0.3277818257520558,
        0.7123043568649581
    ],
    "f1_avg": 0.5200430913085069,
    "precision": [
        0.44289732770745427,
        0.6410006280651585
    ],
    "precision_avg": 0.5419489778863064,
    "recall": [
        0.2601619299405155,
        0.801456951429383
    ],
    "recall_avg": 0.5308094406849493
}