{
    "accuracy": 0.7676502472616843,
    "f1": [
        0.8559801107097236,
        0.399120665506752
    ],
    "f1_avg": 0.6275503881082378,
    "precision": [
        0.7529054033156006,
        0.9307517132990495
    ],
    "precision_avg": 0.8418285583073251,
    "recall": [
        0.9917537822219337,
        0.2540253161602073
    ],
    "recall_avg": 0.6228895491910704
}