{
    "accuracy": 0.6961481089168323,
    "f1": [
        0.8208576895580133,
        0.0
    ],
    "f1_avg": 0.41042884477900665,
    "precision": [
        0.6961481089168323,
        0.0
    ],
    "precision_avg": 0.34807405445841616,
    "recall": [
        1.0,
        0.0
    ],
    "recall_avg": 0.5
}