{
    "accuracy": 0.6962884243166113,
    "f1": [
        0.8209271800284806,
        0.0008740105057235955
    ],
    "f1_avg": 0.4109005952671021,
    "precision": [
        0.696262353084894,
        0.8662790697674418
    ],
    "precision_avg": 0.7812707114261679,
    "recall": [
        0.9999705455979756,
        0.00043722581686400516
    ],
    "recall_avg": 0.5002038857074198
}