{
    "accuracy": 0.7069903997761047,
    "f1": [
        0.824554652856311,
        0.111848663894765
    ],
    "f1_avg": 0.468201658375538,
    "precision": [
        0.7070408458387181,
        0.7051129202575195
    ],
    "precision_avg": 0.7060768830481188,
    "recall": [
        0.9889178626337262,
        0.06074193188687329
    ],
    "recall_avg": 0.5248298972602997
}