{
    "accuracy": 0.7219769435032932,
    "f1": [
        0.8322783772084308,
        0.18790796493356696
    ],
    "f1_avg": 0.5100931710709988,
    "precision": [
        0.7174948635598312,
        0.8336606214624004
    ],
    "precision_avg": 0.7755777425111158,
    "recall": [
        0.9907818407383746,
        0.10588756580375955
    ],
    "recall_avg": 0.548334703271067
}