{
    "accuracy": 0.8197188045136038,
    "f1": [
        0.8824339461524466,
        0.6135898587136156
    ],
    "f1_avg": 0.7480119024330312,
    "precision": [
        0.808133010517081,
        0.8793060962988517
    ],
    "precision_avg": 0.8437195534079663,
    "recall": [
        0.9717809099603492,
        0.4711989342285188
    ],
    "recall_avg": 0.721489922094434
}