{
    "accuracy": 0.6961942602337591,
    "f1": [
        0.8207635437797253,
        0.003916582635509375
    ],
    "f1_avg": 0.41234006320761735,
    "precision": [
        0.6964345004123512,
        0.4966641957005189
    ],
    "precision_avg": 0.596549348056435,
    "recall": [
        0.9991305650558858,
        0.0019660432060002466
    ],
    "recall_avg": 0.5005483041309431
}