{
    "accuracy": 0.6962875327752879,
    "f1": [
        0.8209265602297791,
        0.0008740079423272075
    ],
    "f1_avg": 0.4109002840860531,
    "precision": [
        0.6962614614068361,
        0.8662790697674418
    ],
    "precision_avg": 0.781270265587139,
    "recall": [
        0.9999705455602554,
        0.00043722453387169663
    ],
    "recall_avg": 0.5002038850470636
}