{
    "accuracy": 0.7892135959083547,
    "f1": [
        0.8649881659223995,
        0.5195818128179948
    ],
    "f1_avg": 0.6922849893701971,
    "precision": [
        0.7805455206940196,
        0.8447881623212784
    ],
    "precision_avg": 0.812666841507649,
    "recall": [
        0.9699178988629114,
        0.3751612169031181
    ],
    "recall_avg": 0.6725395578830147
}