{
    "accuracy": 0.617215880801785,
    "f1": [
        4.817187725805675e-05,
        0.7633040285522069
    ],
    "f1_avg": 0.38167610021473247,
    "precision": [
        1.0,
        0.617212351438819
    ],
    "precision_avg": 0.8086061757194095,
    "recall": [
        2.4086518775441387e-05,
        1.0
    ],
    "recall_avg": 0.5000120432593878
}