{
    "accuracy": 0.7470789013496039,
    "f1": [
        0.8445651735786941,
        0.3215922706784078
    ],
    "f1_avg": 0.5830787221285509,
    "precision": [
        0.7381111287774996,
        0.8679516464337962
    ],
    "precision_avg": 0.8030313876056479,
    "recall": [
        0.9869009141354285,
        0.19735866894656062
    ],
    "recall_avg": 0.5921297915409945
}