{
    "accuracy": 0.6962573298524983,
    "f1": [
        0.8209336137849355,
        0.0
    ],
    "f1_avg": 0.41046680689246773,
    "precision": [
        0.6962573298524983,
        0.0
    ],
    "precision_avg": 0.34812866492624917,
    "recall": [
        1.0,
        0.0
    ],
    "recall_avg": 0.5
}