{
    "accuracy": 0.8067795828726514,
    "f1": [
        0.8724605501183073,
        0.6016192984989772
    ],
    "f1_avg": 0.7370399243086423,
    "precision": [
        0.8070946882417145,
        0.8053552987700726
    ],
    "precision_avg": 0.8062249935058936,
    "recall": [
        0.9493473229990155,
        0.4801520837102356
    ],
    "recall_avg": 0.7147497033546255
}