{
    "accuracy": 0.5073661253636699,
    "f1": [
        0.6184802460994548,
        0.30493476628201144
    ],
    "f1_avg": 0.46170750619073314,
    "precision": [
        0.6709937251658605,
        0.26688246628131024
    ],
    "precision_avg": 0.46893809572358536,
    "recall": [
        0.5735898161679477,
        0.3556425440012207
    ],
    "recall_avg": 0.46461618008458416
}