{
    "accuracy": 0.44211515369247956,
    "f1": [
        0.45968177112697645,
        0.42336791417538105
    ],
    "f1_avg": 0.44152484265117875,
    "precision": [
        0.7056420723383388,
        0.30857974097982804
    ],
    "precision_avg": 0.5071109066590834,
    "recall": [
        0.3408679997131765,
        0.6741405871737313
    ],
    "recall_avg": 0.5075042934434539
}