{
    "accuracy": 0.8064491115046709,
    "f1": [
        0.8750646524817636,
        0.5706422127185048
    ],
    "f1_avg": 0.7228534326001341,
    "precision": [
        0.7946857379317264,
        0.8746825392014838
    ],
    "precision_avg": 0.8346841385666051,
    "recall": [
        0.9735331881659107,
        0.4234504938583158
    ],
    "recall_avg": 0.6984918410121133
}