{
    "accuracy": 0.7932640554033491,
    "f1": [
        0.8769027691314474,
        0.4766040154663689,
        0.043581160718495125,
        0.7728098701568407
    ],
    "f1_avg": 0.542474453868288,
    "precision": [
        0.7962830361311584,
        0.6481364320159715,
        0.6394576646375207,
        0.879110022979619
    ],
    "precision_avg": 0.7407467889410674,
    "recall": [
        0.9756861869835479,
        0.37686490905375025,
        0.022559326832030144,
        0.6894437660533075
    ],
    "recall_avg": 0.516138547230659
}