{
    "accuracy": 0.8113383487307281,
    "f1": [
        0.8868839934969651,
        0.45733911588250414,
        0.24108566690055494,
        0.8409234503479529
    ],
    "f1_avg": 0.6065580566569942,
    "precision": [
        0.8120957095357632,
        0.6908333884079043,
        0.6580195865070729,
        0.9108472172988302
    ],
    "precision_avg": 0.7679489754373927,
    "recall": [
        0.9768444762557112,
        0.3418107500510934,
        0.14757763005046806,
        0.7809700704968551
    ],
    "recall_avg": 0.561800731713532
}