{
    "accuracy": 0.5642435418111689,
    "f1": [
        0.7323074687882005,
        0.16333475393729607,
        0.13160985746877188,
        0.14873788056099588
    ],
    "f1_avg": 0.29399749018881605,
    "precision": [
        0.7154450255373614,
        0.13565083001902126,
        0.15611644762402369,
        0.26561417186417186
    ],
    "precision_avg": 0.31820661876114453,
    "recall": [
        0.7499839660953466,
        0.20521561414265277,
        0.1137532823771732,
        0.1032885595182955
    ],
    "recall_avg": 0.293060355533367
}