{
    "accuracy": 0.5565173996172519,
    "f1": [
        0.6631113840418985,
        0.35124740663900417
    ],
    "f1_avg": 0.5071793953404513,
    "precision": [
        0.703764526636395,
        0.316086106223191
    ],
    "precision_avg": 0.509925316429793,
    "recall": [
        0.6268984316017168,
        0.3952104719497178
    ],
    "recall_avg": 0.5110544517757173
}