{
    "accuracy": 0.6040147888874723,
    "f1": [
        0.7314230843188736,
        0.24662799375805686
    ],
    "f1_avg": 0.48902553903846524,
    "precision": [
        0.6928726662000116,
        0.292237130889884
    ],
    "precision_avg": 0.49255489854494783,
    "recall": [
        0.7745160187330237,
        0.2133332942080954
    ],
    "recall_avg": 0.49392465647055955
}