{
    "accuracy": 0.7865143530723133,
    "f1": [
        0.871379138076701,
        0.5361421490809414,
        0.11130453223996394,
        0.6704664441819561
    ],
    "f1_avg": 0.5473230658948907,
    "precision": [
        0.7880824795746336,
        0.7137207469218015,
        0.5871713593138169,
        0.8662596966384987
    ],
    "precision_avg": 0.7388085706121877,
    "recall": [
        0.9743649932401058,
        0.4293235234007766,
        0.061479290518444765,
        0.5468635617821532
    ],
    "recall_avg": 0.5030078422353701
}