{
    "accuracy": 0.5260270284966034,
    "f1": [
        0.5986267825708876,
        0.42136431996204293
    ],
    "f1_avg": 0.5099955512664653,
    "precision": [
        0.7292975589659079,
        0.3348669633606562
    ],
    "precision_avg": 0.532082261163282,
    "recall": [
        0.5076664259705941,
        0.5681089249820268
    ],
    "recall_avg": 0.5378876754763104
}