{
    "accuracy": 0.6201908636101512,
    "f1": [
        0.7409584575974244,
        0.2884679606203497
    ],
    "f1_avg": 0.5147132091088871,
    "precision": [
        0.7054978231199593,
        0.3346738886176783
    ],
    "precision_avg": 0.5200858558688188,
    "recall": [
        0.7801724855248622,
        0.253472853931793
    ],
    "recall_avg": 0.5168226697283276
}