{
    "accuracy": 0.6509980361095535,
    "f1": [
        0.7690864886098616,
        0.28571480700320384
    ],
    "f1_avg": 0.5274006478065327,
    "precision": [
        0.7129554801973215,
        0.37769770291260263
    ],
    "precision_avg": 0.5453265915549621,
    "recall": [
        0.8348112020098161,
        0.22976002535315418
    ],
    "recall_avg": 0.5322856136814851
}