{
    "accuracy": 0.6962302547659988,
    "f1": [
        0.8209147936251688,
        0.0
    ],
    "f1_avg": 0.4104573968125844,
    "precision": [
        0.6962302547659988,
        0.0
    ],
    "precision_avg": 0.3481151273829994,
    "recall": [
        1.0,
        0.0
    ],
    "recall_avg": 0.5
}