{
    "accuracy": 0.6951414690166224,
    "f1": [
        0.8187956667618844,
        0.04011195863033158
    ],
    "f1_avg": 0.429453812696108,
    "precision": [
        0.6983722601671586,
        0.46335452069010247
    ],
    "precision_avg": 0.5808633904286306,
    "recall": [
        0.9894027419156523,
        0.020963363997828544
    ],
    "recall_avg": 0.5051830529567404
}