{
    "accuracy": 0.7964442360776254,
    "f1": [
        0.8697781244583117,
        0.5340419888600983
    ],
    "f1_avg": 0.701910056659205,
    "precision": [
        0.784177403252489,
        0.8763324941075638
    ],
    "precision_avg": 0.8302549486800264,
    "recall": [
        0.9763571681855481,
        0.3840386635601228
    ],
    "recall_avg": 0.6801979158728354
}