{
    "accuracy": 0.6212333856187567,
    "f1": [
        0.0,
        0.7663713209084428
    ],
    "f1_avg": 0.3831856604542214,
    "precision": [
        0.0,
        0.6212333856187567
    ],
    "precision_avg": 0.31061669280937837,
    "recall": [
        0.0,
        1.0
    ],
    "recall_avg": 0.5
}