{
    "accuracy": 0.5023560295294944,
    "f1": [
        0.5430704872674228,
        0.4536761363802264
    ],
    "f1_avg": 0.4983733118238246,
    "precision": [
        0.7526217701686777,
        0.3403675820926038
    ],
    "precision_avg": 0.5464946761306407,
    "recall": [
        0.42479538389635924,
        0.6800727153887005
    ],
    "recall_avg": 0.5524340496425298
}